{
  "project_info": {
    "project_number": "142704499904",
    "project_id": "barrcon-38571",
    "storage_bucket": "barrcon-38571.appspot.com"
  },
  "client": [
    {
      "client_info": {
        "mobilesdk_app_id": "1:142704499904:android:e901de6f33bb99021ee125",
        "android_client_info": {
          "package_name": "com.barrrcon.app"
        }
      },
      "oauth_client": [
        {
          "client_id": "142704499904-6t2esdn4t9i7gl4u7nnaojrqsav5kjpg.apps.googleusercontent.com",
          "client_type": 1,
          "android_info": {
            "package_name": "com.barrrcon.app",
            "certificate_hash": "7264ef6f2af4fcab67842af6b925e1ed06754bc0"
          }
        },
        {
          "client_id": "142704499904-aa2pemcpbqnpkd37dsfif8e2kgnh4i7f.apps.googleusercontent.com",
          "client_type": 3
        }
      ],
      "api_key": [
        {
          "current_key": "AIzaSyC54cEO3UVp2JdiNvnmHjP90fy-SCMztDU"
        }
      ],
      "services": {
        "appinvite_service": {
          "other_platform_oauth_client": [
            {
              "client_id": "142704499904-aa2pemcpbqnpkd37dsfif8e2kgnh4i7f.apps.googleusercontent.com",
              "client_type": 3
            }
          ]
        }
      }
    },
    {
      "client_info": {
        "mobilesdk_app_id": "1:142704499904:android:348a293dd5edaf651ee125",
        "android_client_info": {
          "package_name": "com.example.barrcon"
        }
      },
      "oauth_client": [
        {
          "client_id": "142704499904-aa2pemcpbqnpkd37dsfif8e2kgnh4i7f.apps.googleusercontent.com",
          "client_type": 3
        }
      ],
      "api_key": [
        {
          "current_key": "AIzaSyC54cEO3UVp2JdiNvnmHjP90fy-SCMztDU"
        }
      ],
      "services": {
        "appinvite_service": {
          "other_platform_oauth_client": [
            {
              "client_id": "142704499904-aa2pemcpbqnpkd37dsfif8e2kgnh4i7f.apps.googleusercontent.com",
              "client_type": 3
            }
          ]
        }
      }
    }
  ],
  "configuration_version": "1"
}